selector,query_uuid,sigma,selected_cf_index,proximity,geometric_instability,intervention_instability
min_proximity,b6c52e31-dca6-4ac0-99c7-2d260cf802b6,0.03,197,1.6690539121627808,0.33554306626319885,0.1666666716337204
min_geo,b6c52e31-dca6-4ac0-99c7-2d260cf802b6,0.03,47,2.6065359115600586,0.0005927164456807077,1.6666666935449825e-09
weighted_sum_equal,b6c52e31-dca6-4ac0-99c7-2d260cf802b6,0.03,133,2.1900198459625244,0.007271427195519209,1.999999943436137e-09
weighted_sum_prox_heavy,b6c52e31-dca6-4ac0-99c7-2d260cf802b6,0.03,197,1.6690539121627808,0.33554306626319885,0.1666666716337204
pareto_knee,b6c52e31-dca6-4ac0-99c7-2d260cf802b6,0.03,223,2.1741297245025635,0.05491933226585388,1.999999943436137e-09
pareto_lex,b6c52e31-dca6-4ac0-99c7-2d260cf802b6,0.03,47,2.6065359115600586,0.0005927164456807077,1.6666666935449825e-09
random,b6c52e31-dca6-4ac0-99c7-2d260cf802b6,0.03,163,2.689164876937866,0.5288040041923523,1.6666666935449825e-09
min_proximity,180e6ef5-a62b-4beb-8450-e2c4fecdb257,0.03,208,1.5895136594772339,0.716489851474762,0.4777778089046478
min_geo,180e6ef5-a62b-4beb-8450-e2c4fecdb257,0.03,124,2.7189385890960693,0.005800602491945028,1.6666666935449825e-09
weighted_sum_equal,180e6ef5-a62b-4beb-8450-e2c4fecdb257,0.03,24,2.1721105575561523,0.07246916741132736,2.4999999848063226e-09
weighted_sum_prox_heavy,180e6ef5-a62b-4beb-8450-e2c4fecdb257,0.03,121,1.746706485748291,0.8741666674613953,0.14999999105930328
pareto_knee,180e6ef5-a62b-4beb-8450-e2c4fecdb257,0.03,147,2.156522512435913,0.12418416142463684,2.4999999848063226e-09
pareto_lex,180e6ef5-a62b-4beb-8450-e2c4fecdb257,0.03,124,2.7189385890960693,0.005800602491945028,1.6666666935449825e-09
random,180e6ef5-a62b-4beb-8450-e2c4fecdb257,0.03,28,2.6894948482513428,0.14263735711574554,1.6666666935449825e-09
min_proximity,bc9a4338-7699-443b-99e1-94cbcb732f6f,0.03,191,1.4142135381698608,0.2719265818595886,0.5555555820465088
min_geo,bc9a4338-7699-443b-99e1-94cbcb732f6f,0.03,194,2.3682591915130615,0.0010563147952780128,1.999999943436137e-09
weighted_sum_equal,bc9a4338-7699-443b-99e1-94cbcb732f6f,0.03,160,1.652374029159546,0.1291850358247757,2.4999999848063226e-09
weighted_sum_prox_heavy,bc9a4338-7699-443b-99e1-94cbcb732f6f,0.03,160,1.652374029159546,0.1291850358247757,2.4999999848063226e-09
pareto_knee,bc9a4338-7699-443b-99e1-94cbcb732f6f,0.03,160,1.652374029159546,0.1291850358247757,2.4999999848063226e-09
pareto_lex,bc9a4338-7699-443b-99e1-94cbcb732f6f,0.03,194,2.3682591915130615,0.0010563147952780128,1.999999943436137e-09
random,bc9a4338-7699-443b-99e1-94cbcb732f6f,0.03,6,1.7952630519866943,0.03173406794667244,2.4999999848063226e-09
min_proximity,36e6b027-88be-451d-8ca7-90b0c8c34642,0.03,33,1.4142162799835205,0.11370066553354263,0.25
min_geo,36e6b027-88be-451d-8ca7-90b0c8c34642,0.03,217,2.2374961376190186,0.0002567556221038103,0.06666667014360428
weighted_sum_equal,36e6b027-88be-451d-8ca7-90b0c8c34642,0.03,111,1.7012200355529785,0.05097075179219246,0.06666667014360428
weighted_sum_prox_heavy,36e6b027-88be-451d-8ca7-90b0c8c34642,0.03,33,1.4142162799835205,0.11370066553354263,0.25
pareto_knee,36e6b027-88be-451d-8ca7-90b0c8c34642,0.03,240,1.5822651386260986,0.11582530289888382,0.1111111119389534
pareto_lex,36e6b027-88be-451d-8ca7-90b0c8c34642,0.03,217,2.2374961376190186,0.0002567556221038103,0.06666667014360428
random,36e6b027-88be-451d-8ca7-90b0c8c34642,0.03,189,2.221928596496582,0.011803611181676388,0.0833333358168602
min_proximity,e380cd73-c074-4038-8378-0663ac4af005,0.03,143,1.691677451133728,1.0353515148162842,0.13333334028720856
min_geo,e380cd73-c074-4038-8378-0663ac4af005,0.03,19,2.661445379257202,0.00946045946329832,1.6666666935449825e-09
weighted_sum_equal,e380cd73-c074-4038-8378-0663ac4af005,0.03,140,2.1804184913635254,0.2622698247432709,1.999999943436137e-09
weighted_sum_prox_heavy,e380cd73-c074-4038-8378-0663ac4af005,0.03,143,1.691677451133728,1.0353515148162842,0.13333334028720856
pareto_knee,e380cd73-c074-4038-8378-0663ac4af005,0.03,54,2.1458933353424072,0.13174407184123993,0.06666667014360428
pareto_lex,e380cd73-c074-4038-8378-0663ac4af005,0.03,19,2.661445379257202,0.00946045946329832,1.6666666935449825e-09
random,e380cd73-c074-4038-8378-0663ac4af005,0.03,70,3.0243406295776367,0.07239484041929245,1.4285713723083404e-09
min_proximity,88ee7ddf-bc9f-49e1-83a2-0774b0a4e4c5,0.03,23,1.6809073686599731,0.32728445529937744,0.31111112236976624
min_geo,88ee7ddf-bc9f-49e1-83a2-0774b0a4e4c5,0.03,224,3.0340638160705566,0.0005516388337127864,0.1031746044754982
weighted_sum_equal,88ee7ddf-bc9f-49e1-83a2-0774b0a4e4c5,0.03,118,2.19852614402771,0.10074621438980103,0.0833333358168602
weighted_sum_prox_heavy,88ee7ddf-bc9f-49e1-83a2-0774b0a4e4c5,0.03,46,1.7512332201004028,0.10091269016265869,0.21666665375232697
pareto_knee,88ee7ddf-bc9f-49e1-83a2-0774b0a4e4c5,0.03,118,2.19852614402771,0.10074621438980103,0.0833333358168602
pareto_lex,88ee7ddf-bc9f-49e1-83a2-0774b0a4e4c5,0.03,224,3.0340638160705566,0.0005516388337127864,0.1031746044754982
random,88ee7ddf-bc9f-49e1-83a2-0774b0a4e4c5,0.03,62,3.096707582473755,0.5889762043952942,0.0476190485060215
min_proximity,77db3f44-1148-413a-95ac-59673e434eef,0.03,202,1.414330005645752,0.18461330235004425,0.6388888955116272
min_geo,77db3f44-1148-413a-95ac-59673e434eef,0.03,184,2.0879437923431396,0.0023140094708651304,2.4999999848063226e-09
weighted_sum_equal,77db3f44-1148-413a-95ac-59673e434eef,0.03,65,1.6673774719238281,0.0857488214969635,3.3333329430007552e-09
weighted_sum_prox_heavy,77db3f44-1148-413a-95ac-59673e434eef,0.03,51,1.5199403762817383,0.09403298050165176,0.1111111119389534
pareto_knee,77db3f44-1148-413a-95ac-59673e434eef,0.03,65,1.6673774719238281,0.0857488214969635,3.3333329430007552e-09
pareto_lex,77db3f44-1148-413a-95ac-59673e434eef,0.03,184,2.0879437923431396,0.0023140094708651304,2.4999999848063226e-09
random,77db3f44-1148-413a-95ac-59673e434eef,0.03,57,2.6119420528411865,0.7261824607849121,0.2222222238779068
min_proximity,9bc3f69e-9c97-495f-8382-b164db619917,0.03,205,1.506550669670105,0.7348480224609375,0.06666667014360428
min_geo,9bc3f69e-9c97-495f-8382-b164db619917,0.03,82,2.9659745693206787,0.0011632737005129457,1.4285713723083404e-09
weighted_sum_equal,9bc3f69e-9c97-495f-8382-b164db619917,0.03,162,2.1687257289886475,0.026809275150299072,1.999999943436137e-09
weighted_sum_prox_heavy,9bc3f69e-9c97-495f-8382-b164db619917,0.03,205,1.506550669670105,0.7348480224609375,0.06666667014360428
pareto_knee,9bc3f69e-9c97-495f-8382-b164db619917,0.03,41,1.7297083139419556,0.6082068085670471,0.06666667014360428
pareto_lex,9bc3f69e-9c97-495f-8382-b164db619917,0.03,82,2.9659745693206787,0.0011632737005129457,1.4285713723083404e-09
random,9bc3f69e-9c97-495f-8382-b164db619917,0.03,35,2.6100785732269287,0.569288432598114,0.0555555559694767
min_proximity,d52a9aae-5f24-42d2-8eca-528faec4343b,0.03,33,1.6409847736358643,0.2839239835739136,0.1666666716337204
min_geo,d52a9aae-5f24-42d2-8eca-528faec4343b,0.03,96,2.227646827697754,0.00023039807274471968,2.4999999848063226e-09
weighted_sum_equal,d52a9aae-5f24-42d2-8eca-528faec4343b,0.03,128,1.708748698234558,0.04231252893805504,3.3333329430007552e-09
weighted_sum_prox_heavy,d52a9aae-5f24-42d2-8eca-528faec4343b,0.03,129,1.6808173656463623,0.07498802989721298,3.3333329430007552e-09
pareto_knee,d52a9aae-5f24-42d2-8eca-528faec4343b,0.03,128,1.708748698234558,0.04231252893805504,3.3333329430007552e-09
pareto_lex,d52a9aae-5f24-42d2-8eca-528faec4343b,0.03,96,2.227646827697754,0.00023039807274471968,2.4999999848063226e-09
random,d52a9aae-5f24-42d2-8eca-528faec4343b,0.03,188,3.0065979957580566,0.5820017457008362,0.0476190485060215
min_proximity,94c807c6-8100-472e-8403-346018b122d7,0.03,170,1.4700610637664795,0.32771509885787964,0.1111111119389534
min_geo,94c807c6-8100-472e-8403-346018b122d7,0.03,105,2.8198962211608887,0.00029714536503888667,0.1666666716337204
weighted_sum_equal,94c807c6-8100-472e-8403-346018b122d7,0.03,170,1.4700610637664795,0.32771509885787964,0.1111111119389534
weighted_sum_prox_heavy,94c807c6-8100-472e-8403-346018b122d7,0.03,170,1.4700610637664795,0.32771509885787964,0.1111111119389534
pareto_knee,94c807c6-8100-472e-8403-346018b122d7,0.03,169,1.7026063203811646,0.35536351799964905,0.0833333358168602
pareto_lex,94c807c6-8100-472e-8403-346018b122d7,0.03,105,2.8198962211608887,0.00029714536503888667,0.1666666716337204
random,94c807c6-8100-472e-8403-346018b122d7,0.03,26,3.0042059421539307,0.013559345155954361,0.1428571492433548
min_proximity,b6c52e31-dca6-4ac0-99c7-2d260cf802b6,0.05,197,1.6690539121627808,0.39302515983581543,0.25
min_geo,b6c52e31-dca6-4ac0-99c7-2d260cf802b6,0.05,209,2.6891565322875977,0.0005879180389456451,1.6666666935449825e-09
weighted_sum_equal,b6c52e31-dca6-4ac0-99c7-2d260cf802b6,0.05,68,2.1874639987945557,0.017047831788659096,1.999999943436137e-09
weighted_sum_prox_heavy,b6c52e31-dca6-4ac0-99c7-2d260cf802b6,0.05,26,1.7282320261001587,0.43807730078697205,0.0833333358168602
pareto_knee,b6c52e31-dca6-4ac0-99c7-2d260cf802b6,0.05,218,2.116208076477051,0.12854890525341034,2.4999999848063226e-09
pareto_lex,b6c52e31-dca6-4ac0-99c7-2d260cf802b6,0.05,209,2.6891565322875977,0.0005879180389456451,1.6666666935449825e-09
random,b6c52e31-dca6-4ac0-99c7-2d260cf802b6,0.05,173,2.5713346004486084,0.10027638077735901,1.999999943436137e-09
min_proximity,180e6ef5-a62b-4beb-8450-e2c4fecdb257,0.05,208,1.5895136594772339,0.20583879947662354,0.3333333432674408
min_geo,180e6ef5-a62b-4beb-8450-e2c4fecdb257,0.05,30,2.7194511890411377,0.0008466931176371872,1.6666666935449825e-09
weighted_sum_equal,180e6ef5-a62b-4beb-8450-e2c4fecdb257,0.05,121,1.746706485748291,0.39618203043937683,0.0833333358168602
weighted_sum_prox_heavy,180e6ef5-a62b-4beb-8450-e2c4fecdb257,0.05,121,1.746706485748291,0.39618203043937683,0.0833333358168602
pareto_knee,180e6ef5-a62b-4beb-8450-e2c4fecdb257,0.05,121,1.746706485748291,0.39618203043937683,0.0833333358168602
pareto_lex,180e6ef5-a62b-4beb-8450-e2c4fecdb257,0.05,30,2.7194511890411377,0.0008466931176371872,1.6666666935449825e-09
random,180e6ef5-a62b-4beb-8450-e2c4fecdb257,0.05,189,2.532154083251953,0.438701868057251,0.0555555559694767
min_proximity,bc9a4338-7699-443b-99e1-94cbcb732f6f,0.05,191,1.4142135381698608,0.504885733127594,0.5555555820465088
min_geo,bc9a4338-7699-443b-99e1-94cbcb732f6f,0.05,89,2.616729259490967,0.0006497320719063282,0.1111111119389534
weighted_sum_equal,bc9a4338-7699-443b-99e1-94cbcb732f6f,0.05,17,1.6924229860305786,0.15040819346904755,0.06666667014360428
weighted_sum_prox_heavy,bc9a4338-7699-443b-99e1-94cbcb732f6f,0.05,160,1.652374029159546,0.2148687094449997,0.06666667014360428
pareto_knee,bc9a4338-7699-443b-99e1-94cbcb732f6f,0.05,160,1.652374029159546,0.2148687094449997,0.06666667014360428
pareto_lex,bc9a4338-7699-443b-99e1-94cbcb732f6f,0.05,89,2.616729259490967,0.0006497320719063282,0.1111111119389534
random,bc9a4338-7699-443b-99e1-94cbcb732f6f,0.05,228,2.4985415935516357,1.817836880683899,0.357142835855484
min_proximity,36e6b027-88be-451d-8ca7-90b0c8c34642,0.05,33,1.4142162799835205,0.14112718403339386,0.4444444477558136
min_geo,36e6b027-88be-451d-8ca7-90b0c8c34642,0.05,44,2.237478256225586,0.00019074279407504946,0.12222222238779068
weighted_sum_equal,36e6b027-88be-451d-8ca7-90b0c8c34642,0.05,111,1.7012200355529785,0.052327971905469894,0.14999999105930328
weighted_sum_prox_heavy,36e6b027-88be-451d-8ca7-90b0c8c34642,0.05,240,1.5822651386260986,0.18067003786563873,0.1666666716337204
pareto_knee,36e6b027-88be-451d-8ca7-90b0c8c34642,0.05,240,1.5822651386260986,0.18067003786563873,0.1666666716337204
pareto_lex,36e6b027-88be-451d-8ca7-90b0c8c34642,0.05,44,2.237478256225586,0.00019074279407504946,0.12222222238779068
random,36e6b027-88be-451d-8ca7-90b0c8c34642,0.05,139,2.214764356613159,0.14487068355083466,0.31111112236976624
min_proximity,e380cd73-c074-4038-8378-0663ac4af005,0.05,143,1.691677451133728,1.1971417665481567,0.3777777850627899
min_geo,e380cd73-c074-4038-8378-0663ac4af005,0.05,4,2.659816265106201,0.056764762848615646,0.095238097012043
weighted_sum_equal,e380cd73-c074-4038-8378-0663ac4af005,0.05,58,2.03743839263916,0.5010018348693848,0.1111111119389534
weighted_sum_prox_heavy,e380cd73-c074-4038-8378-0663ac4af005,0.05,58,2.03743839263916,0.5010018348693848,0.1111111119389534
pareto_knee,e380cd73-c074-4038-8378-0663ac4af005,0.05,58,2.03743839263916,0.5010018348693848,0.1111111119389534
pareto_lex,e380cd73-c074-4038-8378-0663ac4af005,0.05,4,2.659816265106201,0.056764762848615646,0.095238097012043
random,e380cd73-c074-4038-8378-0663ac4af005,0.05,22,2.5638322830200195,1.3624204397201538,0.1111111119389534
min_proximity,88ee7ddf-bc9f-49e1-83a2-0774b0a4e4c5,0.05,23,1.6809073686599731,0.5798826813697815,0.3888889253139496
min_geo,88ee7ddf-bc9f-49e1-83a2-0774b0a4e4c5,0.05,224,3.0340638160705566,0.0008524334989488125,1.6666666935449825e-09
weighted_sum_equal,88ee7ddf-bc9f-49e1-83a2-0774b0a4e4c5,0.05,46,1.7512332201004028,0.08498261123895645,0.0833333358168602
weighted_sum_prox_heavy,88ee7ddf-bc9f-49e1-83a2-0774b0a4e4c5,0.05,46,1.7512332201004028,0.08498261123895645,0.0833333358168602
pareto_knee,88ee7ddf-bc9f-49e1-83a2-0774b0a4e4c5,0.05,46,1.7512332201004028,0.08498261123895645,0.0833333358168602
pareto_lex,88ee7ddf-bc9f-49e1-83a2-0774b0a4e4c5,0.05,224,3.0340638160705566,0.0008524334989488125,1.6666666935449825e-09
random,88ee7ddf-bc9f-49e1-83a2-0774b0a4e4c5,0.05,151,2.6841278076171875,0.040028300136327744,0.0555555559694767
min_proximity,77db3f44-1148-413a-95ac-59673e434eef,0.05,202,1.414330005645752,0.22994966804981232,0.1666666716337204
min_geo,77db3f44-1148-413a-95ac-59673e434eef,0.05,184,2.0879437923431396,0.0006539364694617689,2.4999999848063226e-09
weighted_sum_equal,77db3f44-1148-413a-95ac-59673e434eef,0.05,66,1.580721139907837,0.021346591413021088,4.999999969612645e-09
weighted_sum_prox_heavy,77db3f44-1148-413a-95ac-59673e434eef,0.05,51,1.5199403762817383,0.1022326648235321,4.999999969612645e-09
pareto_knee,77db3f44-1148-413a-95ac-59673e434eef,0.05,51,1.5199403762817383,0.1022326648235321,4.999999969612645e-09
pareto_lex,77db3f44-1148-413a-95ac-59673e434eef,0.05,184,2.0879437923431396,0.0006539364694617689,2.4999999848063226e-09
random,77db3f44-1148-413a-95ac-59673e434eef,0.05,108,2.0227766036987305,1.314124345779419,0.41111111640930176
min_proximity,9bc3f69e-9c97-495f-8382-b164db619917,0.05,205,1.506550669670105,1.2699605226516724,0.23333333432674408
min_geo,9bc3f69e-9c97-495f-8382-b164db619917,0.05,82,2.9659745693206787,0.0009633965673856437,1.4285713723083404e-09
weighted_sum_equal,9bc3f69e-9c97-495f-8382-b164db619917,0.05,49,2.174879550933838,0.061381567269563675,1.999999943436137e-09
weighted_sum_prox_heavy,9bc3f69e-9c97-495f-8382-b164db619917,0.05,205,1.506550669670105,1.2699605226516724,0.23333333432674408
pareto_knee,9bc3f69e-9c97-495f-8382-b164db619917,0.05,50,2.144538164138794,0.10618201643228531,1.999999943436137e-09
pareto_lex,9bc3f69e-9c97-495f-8382-b164db619917,0.05,82,2.9659745693206787,0.0009633965673856437,1.4285713723083404e-09
random,9bc3f69e-9c97-495f-8382-b164db619917,0.05,8,2.9215564727783203,0.9560763239860535,0.1666666716337204
min_proximity,d52a9aae-5f24-42d2-8eca-528faec4343b,0.05,33,1.6409847736358643,0.3663996160030365,0.1666666716337204
min_geo,d52a9aae-5f24-42d2-8eca-528faec4343b,0.05,96,2.227646827697754,0.00017541029956191778,0.06666667014360428
weighted_sum_equal,d52a9aae-5f24-42d2-8eca-528faec4343b,0.05,31,1.776865005493164,0.1859458088874817,2.4999999848063226e-09
weighted_sum_prox_heavy,d52a9aae-5f24-42d2-8eca-528faec4343b,0.05,31,1.776865005493164,0.1859458088874817,2.4999999848063226e-09
pareto_knee,d52a9aae-5f24-42d2-8eca-528faec4343b,0.05,31,1.776865005493164,0.1859458088874817,2.4999999848063226e-09
pareto_lex,d52a9aae-5f24-42d2-8eca-528faec4343b,0.05,96,2.227646827697754,0.00017541029956191778,0.06666667014360428
random,d52a9aae-5f24-42d2-8eca-528faec4343b,0.05,7,2.326373338699341,0.10131374001502991,1.999999943436137e-09
min_proximity,94c807c6-8100-472e-8403-346018b122d7,0.05,170,1.4700610637664795,0.4061836004257202,0.1111111119389534
min_geo,94c807c6-8100-472e-8403-346018b122d7,0.05,43,2.645657539367676,0.0002061488339677453,0.13333334028720856
weighted_sum_equal,94c807c6-8100-472e-8403-346018b122d7,0.05,94,1.6012812852859497,0.12597201764583588,0.1111111119389534
weighted_sum_prox_heavy,94c807c6-8100-472e-8403-346018b122d7,0.05,170,1.4700610637664795,0.4061836004257202,0.1111111119389534
pareto_knee,94c807c6-8100-472e-8403-346018b122d7,0.05,94,1.6012812852859497,0.12597201764583588,0.1111111119389534
pareto_lex,94c807c6-8100-472e-8403-346018b122d7,0.05,43,2.645657539367676,0.0002061488339677453,0.13333334028720856
random,94c807c6-8100-472e-8403-346018b122d7,0.05,23,2.654752016067505,0.6119810938835144,0.2777777910232544
min_proximity,b6c52e31-dca6-4ac0-99c7-2d260cf802b6,0.07,197,1.6690539121627808,0.406970739364624,0.14999999105930328
min_geo,b6c52e31-dca6-4ac0-99c7-2d260cf802b6,0.07,224,2.6891753673553467,0.002883234294131398,0.0476190485060215
weighted_sum_equal,b6c52e31-dca6-4ac0-99c7-2d260cf802b6,0.07,26,1.7282320261001587,0.17008940875530243,0.06666667014360428
weighted_sum_prox_heavy,b6c52e31-dca6-4ac0-99c7-2d260cf802b6,0.07,26,1.7282320261001587,0.17008940875530243,0.06666667014360428
pareto_knee,b6c52e31-dca6-4ac0-99c7-2d260cf802b6,0.07,26,1.7282320261001587,0.17008940875530243,0.06666667014360428
pareto_lex,b6c52e31-dca6-4ac0-99c7-2d260cf802b6,0.07,224,2.6891753673553467,0.002883234294131398,0.0476190485060215
random,b6c52e31-dca6-4ac0-99c7-2d260cf802b6,0.07,55,2.264850378036499,0.28974083065986633,0.24444444477558136
min_proximity,180e6ef5-a62b-4beb-8450-e2c4fecdb257,0.07,208,1.5895136594772339,0.4284459054470062,0.25
min_geo,180e6ef5-a62b-4beb-8450-e2c4fecdb257,0.07,31,3.0652036666870117,0.00044220336712896824,1.4285713723083404e-09
weighted_sum_equal,180e6ef5-a62b-4beb-8450-e2c4fecdb257,0.07,37,2.242394208908081,0.09413614124059677,1.999999943436137e-09
weighted_sum_prox_heavy,180e6ef5-a62b-4beb-8450-e2c4fecdb257,0.07,208,1.5895136594772339,0.4284459054470062,0.25
pareto_knee,180e6ef5-a62b-4beb-8450-e2c4fecdb257,0.07,221,2.139479398727417,0.1536407619714737,0.06666667014360428
pareto_lex,180e6ef5-a62b-4beb-8450-e2c4fecdb257,0.07,31,3.0652036666870117,0.00044220336712896824,1.4285713723083404e-09
random,180e6ef5-a62b-4beb-8450-e2c4fecdb257,0.07,59,2.9872055053710938,0.07602303475141525,1.4285713723083404e-09
min_proximity,bc9a4338-7699-443b-99e1-94cbcb732f6f,0.07,191,1.4142135381698608,0.3136647045612335,0.5
min_geo,bc9a4338-7699-443b-99e1-94cbcb732f6f,0.07,89,2.616729259490967,0.0006197041366249323,1.6666666935449825e-09
weighted_sum_equal,bc9a4338-7699-443b-99e1-94cbcb732f6f,0.07,168,1.683215856552124,0.028479719534516335,3.3333329430007552e-09
weighted_sum_prox_heavy,bc9a4338-7699-443b-99e1-94cbcb732f6f,0.07,19,1.6720937490463257,0.066614530980587,4.999999969612645e-09
pareto_knee,bc9a4338-7699-443b-99e1-94cbcb732f6f,0.07,19,1.6720937490463257,0.066614530980587,4.999999969612645e-09
pareto_lex,bc9a4338-7699-443b-99e1-94cbcb732f6f,0.07,89,2.616729259490967,0.0006197041366249323,1.6666666935449825e-09
random,bc9a4338-7699-443b-99e1-94cbcb732f6f,0.07,129,2.6160171031951904,0.0062540932558476925,1.6666666935449825e-09
min_proximity,36e6b027-88be-451d-8ca7-90b0c8c34642,0.07,33,1.4142162799835205,0.07299473136663437,0.2222222238779068
min_geo,36e6b027-88be-451d-8ca7-90b0c8c34642,0.07,146,2.237452268600464,0.00016376197163481265,0.0555555559694767
weighted_sum_equal,36e6b027-88be-451d-8ca7-90b0c8c34642,0.07,8,1.517982006072998,0.15758204460144043,0.0833333358168602
weighted_sum_prox_heavy,36e6b027-88be-451d-8ca7-90b0c8c34642,0.07,8,1.517982006072998,0.15758204460144043,0.0833333358168602
pareto_knee,36e6b027-88be-451d-8ca7-90b0c8c34642,0.07,8,1.517982006072998,0.15758204460144043,0.0833333358168602
pareto_lex,36e6b027-88be-451d-8ca7-90b0c8c34642,0.07,146,2.237452268600464,0.00016376197163481265,0.0555555559694767
random,36e6b027-88be-451d-8ca7-90b0c8c34642,0.07,154,2.3374438285827637,0.02994280494749546,0.0555555559694767
min_proximity,e380cd73-c074-4038-8378-0663ac4af005,0.07,143,1.691677451133728,1.1669119596481323,0.21666665375232697
min_geo,e380cd73-c074-4038-8378-0663ac4af005,0.07,5,3.0123724937438965,0.017041252925992012,1.4285713723083404e-09
weighted_sum_equal,e380cd73-c074-4038-8378-0663ac4af005,0.07,224,2.051759958267212,0.1614716798067093,0.13333334028720856
weighted_sum_prox_heavy,e380cd73-c074-4038-8378-0663ac4af005,0.07,200,1.6955766677856445,1.0324535369873047,0.21666665375232697
pareto_knee,e380cd73-c074-4038-8378-0663ac4af005,0.07,224,2.051759958267212,0.1614716798067093,0.13333334028720856
pareto_lex,e380cd73-c074-4038-8378-0663ac4af005,0.07,5,3.0123724937438965,0.017041252925992012,1.4285713723083404e-09
random,e380cd73-c074-4038-8378-0663ac4af005,0.07,6,2.652113199234009,0.15947683155536652,1.6666666935449825e-09
min_proximity,88ee7ddf-bc9f-49e1-83a2-0774b0a4e4c5,0.07,23,1.6809073686599731,0.8511430621147156,0.3888889253139496
min_geo,88ee7ddf-bc9f-49e1-83a2-0774b0a4e4c5,0.07,210,3.0316624641418457,0.007078032940626144,0.1309523731470108
weighted_sum_equal,88ee7ddf-bc9f-49e1-83a2-0774b0a4e4c5,0.07,75,2.2094967365264893,0.27338922023773193,0.095238097012043
weighted_sum_prox_heavy,88ee7ddf-bc9f-49e1-83a2-0774b0a4e4c5,0.07,46,1.7512332201004028,0.5094916224479675,0.1666666716337204
pareto_knee,88ee7ddf-bc9f-49e1-83a2-0774b0a4e4c5,0.07,75,2.2094967365264893,0.27338922023773193,0.095238097012043
pareto_lex,88ee7ddf-bc9f-49e1-83a2-0774b0a4e4c5,0.07,210,3.0316624641418457,0.007078032940626144,0.1309523731470108
random,88ee7ddf-bc9f-49e1-83a2-0774b0a4e4c5,0.07,143,3.068694829940796,0.15877807140350342,0.0833333358168602
min_proximity,77db3f44-1148-413a-95ac-59673e434eef,0.07,202,1.414330005645752,0.30590251088142395,0.5
min_geo,77db3f44-1148-413a-95ac-59673e434eef,0.07,184,2.0879437923431396,0.0014238180592656136,2.4999999848063226e-09
weighted_sum_equal,77db3f44-1148-413a-95ac-59673e434eef,0.07,31,1.5822827816009521,0.11519292742013931,4.999999969612645e-09
weighted_sum_prox_heavy,77db3f44-1148-413a-95ac-59673e434eef,0.07,31,1.5822827816009521,0.11519292742013931,4.999999969612645e-09
pareto_knee,77db3f44-1148-413a-95ac-59673e434eef,0.07,31,1.5822827816009521,0.11519292742013931,4.999999969612645e-09
pareto_lex,77db3f44-1148-413a-95ac-59673e434eef,0.07,184,2.0879437923431396,0.0014238180592656136,2.4999999848063226e-09
random,77db3f44-1148-413a-95ac-59673e434eef,0.07,50,1.6316033601760864,0.2037951797246933,0.1666666716337204
min_proximity,9bc3f69e-9c97-495f-8382-b164db619917,0.07,205,1.506550669670105,1.4342156648635864,0.35555556416511536
min_geo,9bc3f69e-9c97-495f-8382-b164db619917,0.07,23,2.956472873687744,0.028411613777279854,0.0476190485060215
weighted_sum_equal,9bc3f69e-9c97-495f-8382-b164db619917,0.07,122,2.592296600341797,0.04567882418632507,0.0476190485060215
weighted_sum_prox_heavy,9bc3f69e-9c97-495f-8382-b164db619917,0.07,220,1.6543210744857788,1.0092276334762573,0.23333333432674408
pareto_knee,9bc3f69e-9c97-495f-8382-b164db619917,0.07,46,2.1784133911132812,0.5528838038444519,0.0555555559694767
pareto_lex,9bc3f69e-9c97-495f-8382-b164db619917,0.07,23,2.956472873687744,0.028411613777279854,0.0476190485060215
random,9bc3f69e-9c97-495f-8382-b164db619917,0.07,183,3.0307729244232178,0.5889982581138611,0.0833333358168602
min_proximity,d52a9aae-5f24-42d2-8eca-528faec4343b,0.07,33,1.6409847736358643,0.21620476245880127,0.25
min_geo,d52a9aae-5f24-42d2-8eca-528faec4343b,0.07,96,2.227646827697754,0.0001670718629611656,0.06666667014360428
weighted_sum_equal,d52a9aae-5f24-42d2-8eca-528faec4343b,0.07,129,1.6808173656463623,0.07407419383525848,3.3333329430007552e-09
weighted_sum_prox_heavy,d52a9aae-5f24-42d2-8eca-528faec4343b,0.07,129,1.6808173656463623,0.07407419383525848,3.3333329430007552e-09
pareto_knee,d52a9aae-5f24-42d2-8eca-528faec4343b,0.07,129,1.6808173656463623,0.07407419383525848,3.3333329430007552e-09
pareto_lex,d52a9aae-5f24-42d2-8eca-528faec4343b,0.07,96,2.227646827697754,0.0001670718629611656,0.06666667014360428
random,d52a9aae-5f24-42d2-8eca-528faec4343b,0.07,166,2.6442151069641113,0.08593416213989258,0.0555555559694767
min_proximity,94c807c6-8100-472e-8403-346018b122d7,0.07,170,1.4700610637664795,0.4829002618789673,0.1666666716337204
min_geo,94c807c6-8100-472e-8403-346018b122d7,0.07,43,2.645657539367676,0.0001310325023951009,0.06666667014360428
weighted_sum_equal,94c807c6-8100-472e-8403-346018b122d7,0.07,225,2.21562123298645,0.048512741923332214,0.0833333358168602
weighted_sum_prox_heavy,94c807c6-8100-472e-8403-346018b122d7,0.07,170,1.4700610637664795,0.4829002618789673,0.1666666716337204
pareto_knee,94c807c6-8100-472e-8403-346018b122d7,0.07,201,1.6963350772857666,0.3743812143802643,0.1666666716337204
pareto_lex,94c807c6-8100-472e-8403-346018b122d7,0.07,43,2.645657539367676,0.0001310325023951009,0.06666667014360428
random,94c807c6-8100-472e-8403-346018b122d7,0.07,179,2.2802011966705322,0.5917824506759644,0.29999998211860657
